,total_loss,stdloss1,stdloss2
0,39.11983386474609,0.08243671644628048,11.268797897033691
