,total_loss,stdloss1,stdloss2
0,9.11290122116089,2.332854224910736,4.274222993869781
