,total_loss,stdloss1,stdloss2
0,3.934520608678445,0.2958360255321539,6.8401127682488285
