,total_loss,stdloss1,stdloss2
0,5.284703594632096,0.6704816601195871,7.140867208069076
